{
  "name": "angular-translate-loader-partial",
  "description": "A plugin for Angular Translate",
  "version": "2.8.1",
  "main": "./angular-translate-loader-partial.js",
  "ignore": [],
  "author": "Pascal Precht",
  "license": "MIT",
  "dependencies": {
    "angular-translate": "~2.8.1"
  },
  "homepage": "https://github.com/PascalPrecht/bower-angular-translate-loader-partial",
  "_release": "2.8.1",
  "_resolution": {
    "type": "version",
    "tag": "2.8.1",
    "commit": "bd53eb3a8f0bd39f575f4ec024ff2a8e40253a4d"
  },
  "_source": "git://github.com/PascalPrecht/bower-angular-translate-loader-partial.git",
  "_target": ">=2.7.0",
  "_originalSource": "angular-translate-loader-partial"
}